4/11/2025 11:45:50,Undergraduate,Faculty of Science,1,3rd,,Domestic,30 min - 1 hr,3,2,,,,,,,,,,,"Hobbies & Special Interest, Sport & Recreation",Very likely,Weekday evenings,4,Social Opportunities,Fee Reductions
4/14/2025 11:33:20,Undergraduate,"Sydney School of Architecture, Design & Planning",1,2nd,hraw0200@uni.sydney.edu.au,Domestic,< 30 min,3,1,,,,,,,,,,,Sport & Recreation,Somewhat likely,Weekday evenings,6,Social Opportunities,
4/14/2025 11:34:47,Undergraduate,Faculty of Medicine and Health,2,4th,,Domestic,30 min - 1 hr,2,2,,,,,,,,,,,"Faith & Religion, Sport & Recreation",Somewhat likely,Weekday mid-day,4,Commute/Location,if they have events are during the day when i don’t have class it would make it easier for me to attend 
4/14/2025 11:44:34,Undergraduate,Faculty of Science,1,1st,,Domestic,30 min - 1 hr,4,3,,,,,,,,,,,"Hobbies & Special Interest, Sport & Recreation",Somewhat likely,Weekday evenings,0,Social Opportunities,
4/14/2025 11:47:59,Undergraduate,Faculty of Science,1,1st,,International,30 min - 1 hr,5,3,,,,,,,,,,,"Art, Music & Performance, Sport & Recreation",Extremely likely,Weekday mid-day,,Social Opportunities,
4/14/2025 11:48:38,Undergraduate,Arts and Social Sciences,1,4th,,Domestic,< 30 min,2,1,,,,,,,,,,,Sport & Recreation,Somewhat likely,Weekday evenings,3 ,Social Opportunities,"Free items like lip balm or food always attract people to events including myself. However as for barriers, probably the time and/ or location, I feel like sometimes I miss out on things because they are during the day- however I have class so timing is a big one. "
4/14/2025 11:50:07,Undergraduate,"Faculty of Science, Faculty of Medicine and Health",2,4th,,Domestic,1 hr - 1.5 hr,2,3,,,,,,,,,,,"Faith & Religion, Hobbies & Special Interest, Sport & Recreation",Not very likely,Weekday mid-day,0,Commute/Location,Better timeslots + welcoming crowds
4/14/2025 11:52:12,Undergraduate,Faculty of Science,2,6th,,Domestic,30 min - 1 hr,1,2,,,,,,,,,,,Hobbies & Special Interest,Somewhat likely,Weekday evenings,6,Social Opportunities,having friends in the same clubs 
4/14/2025 11:53:13,Undergraduate,Arts and Social Sciences,2,2nd,quinnle514@gmail.com,Domestic,< 30 min,4,5,,,,,,,,,,,Hobbies & Special Interest,Somewhat likely,Weekday mid-day,3,Social Opportunities,
4/14/2025 11:55:59,Undergraduate,Faculty of Medicine and Health,1,2nd,,Domestic,1 hr - 1.5 hr,4,1,,,,,,,,,,,Sport & Recreation,Very likely,Weekday evenings,5,Commute/Location,keeping events more centrally located in the university and surrounding areas
4/14/2025 11:56:53,Undergraduate,University of Sydney Business School,2,2nd,,Domestic,30 min - 1 hr,5,3,,,,,,,,,,,"Academic, Culture & Language, Professional",Very likely,Weekday evenings,10,Academic/Career Insights,none
4/14/2025 12:04:47,Undergraduate,Faculty of Science,1,3rd,deethebirdnerd@gmail.com,International,< 30 min,3,3,,,,,,,,,,,"Art, Music & Performance, Hobbies & Special Interest, Social Impact & Advocacy",Somewhat likely,Weekends,5,Social Opportunities,Probably the fee/entry price
4/14/2025 12:16:50,Undergraduate,Faculty of Engineering,1,3rd,,Domestic,30 min - 1 hr,3,1,,,,,,,,,,,Sport & Recreation,Extremely likely,Weekday evenings,4,Social Opportunities,
4/14/2025 12:20:27,Postgraduate,Faculty of Engineering,1,1st,ankit.kapoor@sydney.edu.au,Domestic,1 hr - 1.5 hr,5,6+,,,,,,,,,,,"Academic, Art, Music & Performance, Hobbies & Special Interest, Professional, Social Impact & Advocacy",Very likely,Weekday evenings,9,Academic/Career Insights,
4/14/2025 12:25:06,Postgraduate,Faculty of Medicine and Health,1,1st,Lmcc5581@uni.sydney.edu.au,Domestic,30 min - 1 hr,2,1,,,,,,,,,,,Rural Health ,Very likely,Weekday evenings,0,Commute/Location,Having friends that also joined the club/society 
4/14/2025 12:28:58,Undergraduate,Faculty of Science,1,1st,Sam.laliotis@gmail.com,Domestic,1 hr - 1.5 hr,4,2,,,,,,,,,,,"Academic, Hobbies & Special Interest",Not very likely,Weekday evenings,0,Food and Beverages,If I knew people there 
4/14/2025 12:33:36,Undergraduate,University of Sydney Business School,2,4th,,Domestic,30 min - 1 hr,2,1,,,,,,,,,,,Sport & Recreation,Extremely likely,Weekday evenings,10,Social Opportunities,N
4/14/2025 12:34:46,Undergraduate,"Faculty of Science, Faculty of Medicine and Health",2,1st,,Domestic,1 hr - 1.5 hr,5,1,,,,,,,,,,,Sport & Recreation,Somewhat likely,Weekends,10,Social Opportunities,Cost
4/14/2025 12:35:07,Undergraduate,Faculty of Science,1,4th,,Domestic,< 30 min,1,1,,,,,,,,,,,Sport & Recreation,Somewhat likely,Weekday evenings,5,Social Opportunities,Cost
4/14/2025 12:38:41,Undergraduate,Faculty of Science,1,2nd,,International,< 30 min,4,3,,,,,,,,,,,"Art, Music & Performance, Sport & Recreation",Somewhat likely,Weekday evenings,4,Social Opportunities,activities to just chill out ( movie nights )
4/14/2025 12:54:25,Postgraduate,Faculty of Medicine and Health,1,2nd,,Domestic,30 min - 1 hr,3,1,,,,,,,,,,,Professional,Very likely,Weekday evenings,2,Commute/Location,
4/14/2025 12:59:26,Undergraduate,"Faculty of Engineering, University of Sydney Business School",2,5th,,Domestic,30 min - 1 hr,2,2,,,,,,,,,,,Sport & Recreation,Not very likely,Weekday evenings,5,Social Opportunities,More funding 
4/14/2025 13:06:23,Undergraduate,University of Sydney Business School,2,2nd,,Domestic,30 min - 1 hr,2,4,,,,,,,,,,,"Academic, Culture & Language, Sport & Recreation",Extremely likely,Weekday evenings,2,Academic/Career Insights,location travel times
4/14/2025 13:08:10,Undergraduate,"Faculty of Science, Faculty of Engineering",1,5th,,Domestic,30 min - 1 hr,3,2,,,,,,,,,,,"Hobbies & Special Interest, Sport & Recreation",Somewhat likely,Weekends,,Food and Beverages,
4/14/2025 13:20:35,Undergraduate,University of Sydney Business School,2,5th,,Domestic,30 min - 1 hr,2,1,,,,,,,,,,,Sport & Recreation,Extremely likely,Weekday evenings,5,Food and Beverages,
4/14/2025 13:23:27,Undergraduate,University of Sydney Business School,1,3rd,,Domestic,1 hr - 1.5 hr,2,0,15,6,5,3,1,2,4,Yes,Lack of Social Opportunities,Commute/Location,,,,,,
4/14/2025 13:59:37,Undergraduate,"Faculty of Engineering, Sydney Law School",1,4th,,Domestic,30 min - 1 hr,3,2,,,,,,,,,,,Academic,Extremely likely,Weekday evenings,5,Academic/Career Insights,"Less time spent at work, having a friend group to go with"
4/14/2025 14:13:50,Undergraduate,"Faculty of Science, Faculty of Engineering",2,5th,,Domestic,30 min - 1 hr,3,2,,,,,,,,,,,Academic,Not very likely,Weekday evenings,2,Food and Beverages,More Booze
4/14/2025 15:43:02,Undergraduate,Faculty of Medicine and Health,1,2nd,,Domestic,1 hr - 1.5 hr,4,1,,,,,,,,,,,Sport & Recreation,Somewhat likely,Weekday evenings,2,Social Opportunities,Cost
4/14/2025 15:45:15,Undergraduate,Arts and Social Sciences,1,1st,,Domestic,30 min - 1 hr,3,3,,,,,,,,,,,"Hobbies & Special Interest, Sport & Recreation",Somewhat likely,Weekday mid-day,10,Commute/Location,Knowing the vibe of the people who are there
4/14/2025 15:51:26,Undergraduate,"Sydney School of Architecture, Design & Planning",1,3rd,,International,< 30 min,3,4,,,,,,,,,,,"Academic, Hobbies & Special Interest",Somewhat likely,Weekday mid-day,3,Social Opportunities,More transparency on what’s going on
4/14/2025 15:57:47,Undergraduate,"Faculty of Science, Faculty of Engineering",2,4th,,Domestic,< 30 min,3,0,13,6,4,5,3,2,1,Yes,Not Interested,Loss of Interest,,,,,,
4/14/2025 15:57:57,Undergraduate,Faculty of Engineering,1,1st,,International,30 min - 1 hr,5,3,,,,,,,,,,,"Academic, Culture & Language, Hobbies & Special Interest",Somewhat likely,Weekday evenings,10,Social Opportunities,
4/14/2025 16:05:06,Postgraduate,Faculty of Engineering,1,5th,,International,< 30 min,4,6+,,,,,,,,,,,"Art, Music & Performance, Sport & Recreation",Very likely,Weekday evenings,5,Social Opportunities,
4/14/2025 16:06:02,Undergraduate,Arts and Social Sciences,2,1st,,International,< 30 min,5,6+,,,,,,,,,,,"Academic, Hobbies & Special Interest, Sport & Recreation",Somewhat likely,Weekday evenings,8,Social Opportunities,That the time slots for events wouldn’t clash
4/14/2025 16:12:44,Undergraduate,Faculty of Science,1,3rd,tmye0770@uni.sydney.edu.au,International,< 30 min,5,4,,,,,,,,,,,"Academic, Art, Music & Performance, Culture & Language, Hobbies & Special Interest, Sport & Recreation",Very likely,Weekday evenings,7,Social Opportunities,Paying on USU to join a club
4/14/2025 16:17:17,Undergraduate,Faculty of Engineering,1,3rd,,International,30 min - 1 hr,3,2,,,,,,,,,,,"Hobbies & Special Interest, Sport & Recreation",Somewhat likely,Weekday evenings,2,Social Opportunities,Closer location
4/14/2025 16:20:23,Undergraduate,University of Sydney Business School,1,1st,,International,< 30 min,4,0,14,6,5,3,4,2,1,Unsure,Lack of Social Opportunities,Lack of Social Opportunities,,,,,,
4/14/2025 16:39:04,Undergraduate,University of Sydney Business School,1,3rd,,International,< 30 min,2,0,6,4,3,2,1,5,6,Yes,Lack of Social Opportunities,Loss of Interest,,,,,,
4/14/2025 16:57:59,Undergraduate,Faculty of Science,2,2nd,,Domestic,< 30 min,3,3,,,,,,,,,,,"Culture & Language, Sport & Recreation",Somewhat likely,Weekday evenings,5,Commute/Location,making it seem open to come to events alone
4/14/2025 18:00:36,Undergraduate,"Faculty of Science, Faculty of Medicine and Health",2,4th,,Domestic,30 min - 1 hr,3,0,20,1,3,2,5,4,6,Unsure,Commute/Location,"Commute/Location, Loss of Interest",,,,,,
4/14/2025 18:10:14,Undergraduate,Faculty of Science,1,3rd,,International,< 30 min,3,1,,,,,,,,,,,Sport & Recreation,Somewhat likely,Weekday evenings,1,Social Opportunities,Clear communication 
4/14/2025 18:54:02,Undergraduate,Arts and Social Sciences,1,3rd,,International,< 30 min,4,3,,,,,,,,,,,"Hobbies & Special Interest, Sport & Recreation",Somewhat likely,Weekday evenings,6,Social Opportunities,More socializing through activities
4/14/2025 19:04:09,Undergraduate,"Faculty of Science, Faculty of Medicine and Health",1,3rd,,International,< 30 min,4,1,,,,,,,,,,,Culture & Language,Not very likely,Weekday evenings,0.5,Social Opportunities,the fees
4/14/2025 19:50:46,Undergraduate,"Faculty of Science, Faculty of Engineering",2,4th,william.hastrop@icloud.com,Domestic,30 min - 1 hr,2,6+,,,,,,,,,,,"Academic, Culture & Language, Faith & Religion, Hobbies & Special Interest, Sport & Recreation",Somewhat likely,Weekday evenings, 6 ,Social Opportunities,"Events should be cheaper, some are too expensive"
4/14/2025 19:54:06,Undergraduate,Faculty of Science,2,1st,,International,30 min - 1 hr,5,4,,,,,,,,,,,"Academic, Sport & Recreation",Somewhat likely,Weekday evenings,,Food and Beverages,
4/14/2025 20:57:24,Undergraduate,University of Sydney Business School,1,3rd,,International,Live on campus,3,3,,,,,,,,,,,Sport & Recreation,Somewhat likely,Weekday evenings,0.5,Social Opportunities,
4/14/2025 21:29:26,Undergraduate,University of Sydney Business School,1,3rd,,International,< 30 min,3,1,,,,,,,,,,,Professional,Somewhat likely,Weekday evenings,,Social Opportunities,
4/14/2025 21:30:07,Undergraduate,Faculty of Engineering,1,1st,,Domestic,< 30 min,4,4,,,,,,,,,,,"Academic, Art, Music & Performance, Culture & Language, Hobbies & Special Interest, Social Impact & Advocacy, Sport & Recreation",Very likely,Weekday evenings,2,Social Opportunities,More welcome events 
4/14/2025 23:17:58,Undergraduate,Arts and Social Sciences,2,2nd,,International,30 min - 1 hr,5,3,,,,,,,,,,,"Art, Music & Performance, Culture & Language",Extremely likely,Weekday evenings,3,Food and Beverages,making friends in the society
4/15/2025 11:10:34,Undergraduate,University of Sydney Business School,1,3rd,,International,30 min - 1 hr,2,0,7.5,1,6,2,5,3,4,Yes,Commute/Location,"Commute/Location, Lack of Social Opportunities",,,,,,
4/15/2025 11:39:00,Undergraduate,Arts and Social Sciences,1,1st,1315457198@qq.com,International,< 30 min,4,2,,,,,,,,,,,"Art, Music & Performance",Somewhat likely,Weekday mid-day,1,Social Opportunities,friendly introducer
4/15/2025 11:39:06,Undergraduate,Arts and Social Sciences,1,1st,1315457198@qq.com,International,< 30 min,4,2,,,,,,,,,,,"Art, Music & Performance",Somewhat likely,Weekday mid-day,1,Social Opportunities,friendly introducer
4/15/2025 13:58:16,Undergraduate,Faculty of Science,2,2nd,,International,< 30 min,4,2,,,,,,,,,,,"Academic, Art, Music & Performance, Culture & Language",Somewhat likely,Weekday mid-day,1,Commute/Location,
4/15/2025 15:34:11,Undergraduate,Faculty of Science,2,2nd,,Domestic,30 min - 1 hr,3,2,,,,,,,,,,,"Academic, Art, Music & Performance, Social Impact & Advocacy",Very likely,Weekday evenings,3,Social Opportunities,
4/15/2025 15:57:38,Undergraduate,Arts and Social Sciences,1,3rd,,International,Live on campus,5,0,8,6,3,1,2,4,5,Yes,Academic Commitments,Loss of Interest,,,,,,
4/15/2025 22:02:37,Undergraduate,Faculty of Engineering,1,2nd,vandanaa2004@gmail.com,International,< 30 min,4,3,,,,,,,,,,,"Academic, Art, Music & Performance, Hobbies & Special Interest",Extremely likely,Weekday evenings,4,Food and Beverages,
4/16/2025 11:56:46,Undergraduate,Arts and Social Sciences,1,3rd,,International,30 min - 1 hr,2,1,,,,,,,,,,,"Art, Music & Performance, Culture & Language, Hobbies & Special Interest, Sport & Recreation",Somewhat likely,Weekday mid-day,3.5,Food and Beverages,
4/17/2025 9:45:05,Undergraduate,"Sydney School of Architecture, Design & Planning",1,3rd,,Domestic,30 min - 1 hr,2,3,,,,,,,,,,,"Academic, Art, Music & Performance, Hobbies & Special Interest, Sport & Recreation",Somewhat likely,Weekday mid-day,10,Food and Beverages,
4/20/2025 10:50:36,Undergraduate,Arts and Social Sciences,1,3rd,,International,< 30 min,3,0,25,5,6,3,4,2,1,Unsure,Academic Commitments,Academic Commitments,,,,,,
4/20/2025 21:26:16,Undergraduate,Faculty of Engineering,2,5th,daniel.mooney180@gmail.com,Domestic,1 hr - 1.5 hr,4,6+,,,,,,,,,,,"Academic, Art, Music & Performance, Hobbies & Special Interest, Sport & Recreation",Somewhat likely,Weekday evenings,20,Social Opportunities,The USU being cats
4/30/2025 20:35:49,Postgraduate,Faculty of Medicine and Health,1,2nd,,International,30 min - 1 hr,4,1,,,,,,,,,,,Professional,Not likely,Weekday mid-day,0,Commute/Location,social anxiety
4/30/2025 21:03:31,Undergraduate,"Faculty of Engineering, Sydney Law School",1,3rd,,Domestic,30 min - 1 hr,2,0,14,1,2,3,4,5,6,Unsure,Not Interested,Cost,,,,,,
4/30/2025 21:41:44,Undergraduate,University of Sydney Business School,1,4th,liem2945@uni.sydney.edu.au,Domestic,30 min - 1 hr,3,3,,,,,,,,,,,"Academic, Culture & Language, Faith & Religion",Somewhat likely,Weekday mid-day,2,Commute/Location,I usually won't attend events that take place on days where I have no classes 
4/30/2025 21:44:38,Postgraduate,Faculty of Engineering,1,5th,,International,< 30 min,3,5,,,,,,,,,,,"Academic, Art, Music & Performance, Sport & Recreation",Somewhat likely,Weekday evenings,2,Social Opportunities,
4/30/2025 21:57:25,Undergraduate,"Faculty of Engineering, University of Sydney Business School",1,3rd,,Domestic,>1.5 hr,3,0,15,6,5,4,2,1,3,Yes,Lack of Social Opportunities,Lack of Social Opportunities,,,,,,
5/1/2025 3:23:23,Undergraduate,"Faculty of Engineering, University of Sydney Business School",2,3rd,,Domestic,30 min - 1 hr,4,1,,,,,,,,,,,Academic,Not very likely,Weekday mid-day,2,Time and day.,More of a personal barrier for me as I work most afternoons/evenings so can’t spare much time. Even if events were earlier I have classes then or otherwise I’m not on campus.
5/1/2025 9:14:09,Undergraduate,Faculty of Engineering,2,3rd,,Domestic,< 30 min,2,2,,,,,,,,,,,Academic,Somewhat likely,Weekday evenings,1,Social Opportunities,Guaranteed good attendence
5/1/2025 16:49:50,Postgraduate,Arts and Social Sciences,1,1st,,International,< 30 min,3,0,,1,2,3,5,6,4,Unsure,Not Interested,Loss of Interest,,,,,,
5/1/2025 22:18:31,Undergraduate,Arts and Social Sciences,2,4th,,Domestic,1 hr - 1.5 hr,3,2,,,,,,,,,,,"Academic, Sport & Recreation",Somewhat likely,Weekday evenings,5,Food and Beverages,Cost 
5/2/2025 10:52:15,Postgraduate,Arts and Social Sciences,2,3rd,,International,< 30 min,2,2,,,,,,,,,,,Sport & Recreation,Somewhat likely,Weekday mid-day,,Commute/Location,
5/2/2025 10:53:59,Undergraduate,Faculty of Science,2,3rd,,International,30 min - 1 hr,3,0,8,6,1,2,3,4,5,No,Not Interested,Loss of Interest,,,,,,
5/2/2025 10:56:03,Undergraduate,Faculty of Science,2,4th,,Domestic,1 hr - 1.5 hr,3,0,7.5,1,2,3,4,5,6,No,Not Interested,"Academic Commitments, Cost, Loss of Interest",,,,,,
5/2/2025 10:56:12,Undergraduate,Arts and Social Sciences,2,4th,,Domestic,< 30 min,2,0,5,1,3,6,2,5,4,No,Not Interested,Loss of Interest,,,,,,
5/2/2025 10:56:40,Undergraduate,University of Sydney Business School,2,3rd,,International,< 30 min,2,0,7,1,3,4,2,6,5,No,Not Interested,"Commute/Location, Lack of Social Opportunities, Academic Commitments, Loss of Interest",,,,,,
5/2/2025 10:56:45,Undergraduate,Faculty of Engineering,1,5th,,International,30 min - 1 hr,3,1,,,,,,,,,,,Academic,Somewhat likely,Weekday mid-day,0.5,Academic/Career Insights,
5/2/2025 10:57:09,Undergraduate,University of Sydney Business School,2,3rd,,International,< 30 min,2,1,,,,,,,,,,,Hobbies & Special Interest,Somewhat likely,Weekends,,Food and Beverages,
5/2/2025 10:57:30,Undergraduate,University of Sydney Business School,2,4th,,Domestic,30 min - 1 hr,3,2,,,,,,,,,,,"Academic, Sport & Recreation",Somewhat likely,Weekday mid-day,2,Academic/Career Insights,Repeat recruitment cycles other than welcome week 
5/2/2025 10:57:36,Undergraduate,Faculty of Science,1,3rd,,International,1 hr - 1.5 hr,3,0,6,1,2,3,4,6,5,No,Not Interested,"Lack of Social Opportunities, Cost, Loss of Interest",,,,,,
5/2/2025 10:57:55,Undergraduate,Faculty of Engineering,2,4th,2015rushil@gmail.com,International,< 30 min,3,1,,,,,,,,,,,Sport & Recreation,Extremely likely,Weekday evenings,8,Commute/Location,More performances around uni 
5/2/2025 11:07:29,Undergraduate,University of Sydney Business School,2,3rd,,Domestic,< 30 min,3,0,,1,2,3,4,5,6,Yes,Cost,"Commute/Location, Cost",,,,,,
5/2/2025 11:16:59,Undergraduate,University of Sydney Business School,2,3rd,,Domestic,1 hr - 1.5 hr,2,0,6,1,3,6,4,2,5,Unsure,Commute/Location,Lack of Social Opportunities,,,,,,
5/3/2025 4:11:54,Undergraduate,"Sydney School of Architecture, Design & Planning" ,1,4th,,Domestic,30 min - 1 hr,1,1,,,,,,,,,,,"Academic, Hobbies & Special Interest",Not likely,Weekday evenings,,Social Opportunities,